,FunctionName
0,sqslambda
1,iamuserdata
2,cloudwatchtoelasticsearch
3,securityhubcheck
4,prsendnotification
5,userdatacommit
6,testcustomruntime
7,testiam
8,testnewlambda
9,Mehultesting
10,test-sqs
11,trialdemo
12,testvscode
13,apigatewattest
14,test
15,sqslambda
16,iamuserdata
17,cloudwatchtoelasticsearch
18,securityhubcheck
19,prsendnotification
20,userdatacommit
21,testcustomruntime
22,testiam
23,testnewlambda
24,Mehultesting
25,test-sqs
26,trialdemo
27,testvscode
28,apigatewattest
29,test
30,sqslambda
31,iamuserdata
32,cloudwatchtoelasticsearch
33,securityhubcheck
34,prsendnotification
35,userdatacommit
36,testcustomruntime
37,testiam
38,testnewlambda
39,Mehultesting
40,test-sqs
41,trialdemo
42,testvscode
43,apigatewattest
44,test
